{
  "Open Random Product Page  /hp-spectre-xt-pro-ultrabook" : {
    "transaction" : "Open Random Product Page  /hp-spectre-xt-pro-ultrabook",
    "sampleCount" : 11,
    "errorCount" : 0,
    "errorPct" : 0.0,
    "meanResTime" : 494.27272727272725,
    "medianResTime" : 463.0,
    "minResTime" : 430.0,
    "maxResTime" : 683.0,
    "pct1ResTime" : 650.8000000000002,
    "pct2ResTime" : 683.0,
    "pct3ResTime" : 683.0,
    "throughput" : 0.052484421669386314,
    "receivedKBytesPerSec" : 0.6479011748160659,
    "sentKBytesPerSec" : 0.04085901044201425
  },
  "Open Random Product Page  /samsung-series-9-np900x4c-premium-ultrabook" : {
    "transaction" : "Open Random Product Page  /samsung-series-9-np900x4c-premium-ultrabook",
    "sampleCount" : 53,
    "errorCount" : 0,
    "errorPct" : 0.0,
    "meanResTime" : 484.6226415094339,
    "medianResTime" : 471.0,
    "minResTime" : 404.0,
    "maxResTime" : 834.0,
    "pct1ResTime" : 601.0000000000002,
    "pct2ResTime" : 684.6999999999998,
    "pct3ResTime" : 834.0,
    "throughput" : 0.26301424246935634,
    "receivedKBytesPerSec" : 3.2524169085901447,
    "sentKBytesPerSec" : 0.20866384577688454
  },
  "ADD TO CART /htc-one-mini-blue" : {
    "transaction" : "ADD TO CART /htc-one-mini-blue",
    "sampleCount" : 35,
    "errorCount" : 0,
    "errorPct" : 0.0,
    "meanResTime" : 330.94285714285706,
    "medianResTime" : 314.0,
    "minResTime" : 289.0,
    "maxResTime" : 535.0,
    "pct1ResTime" : 392.9999999999999,
    "pct2ResTime" : 490.9999999999998,
    "pct3ResTime" : 535.0,
    "throughput" : 0.16689475616676125,
    "receivedKBytesPerSec" : 0.4169155807579883,
    "sentKBytesPerSec" : 0.1790253599562259
  },
  "Shopping Cart" : {
    "transaction" : "Shopping Cart",
    "sampleCount" : 500,
    "errorCount" : 0,
    "errorPct" : 0.0,
    "meanResTime" : 557.6079999999997,
    "medianResTime" : 544.0,
    "minResTime" : 391.0,
    "maxResTime" : 1844.0,
    "pct1ResTime" : 618.6000000000001,
    "pct2ResTime" : 729.9,
    "pct3ResTime" : 893.96,
    "throughput" : 2.315093483474863,
    "receivedKBytesPerSec" : 26.285033333005362,
    "sentKBytesPerSec" : 1.7502151951739562
  },
  "ADD TO CART /night-visions" : {
    "transaction" : "ADD TO CART /night-visions",
    "sampleCount" : 61,
    "errorCount" : 0,
    "errorPct" : 0.0,
    "meanResTime" : 325.42622950819674,
    "medianResTime" : 316.0,
    "minResTime" : 294.0,
    "maxResTime" : 525.0,
    "pct1ResTime" : 341.8,
    "pct2ResTime" : 355.9,
    "pct3ResTime" : 525.0,
    "throughput" : 0.29305366725437537,
    "receivedKBytesPerSec" : 0.737973164571253,
    "sentKBytesPerSec" : 0.3144049614346178
  },
  "ADD TO CART /samsung-series-9-np900x4c-premium-ultrabook" : {
    "transaction" : "ADD TO CART /samsung-series-9-np900x4c-premium-ultrabook",
    "sampleCount" : 53,
    "errorCount" : 0,
    "errorPct" : 0.0,
    "meanResTime" : 321.35849056603774,
    "medianResTime" : 316.0,
    "minResTime" : 294.0,
    "maxResTime" : 390.0,
    "pct1ResTime" : 350.6,
    "pct2ResTime" : 376.7,
    "pct3ResTime" : 390.0,
    "throughput" : 0.2632140923831801,
    "receivedKBytesPerSec" : 0.6625213939048555,
    "sentKBytesPerSec" : 0.2815952357007703
  },
  "ADD TO CART /flower-girl-bracelet" : {
    "transaction" : "ADD TO CART /flower-girl-bracelet",
    "sampleCount" : 120,
    "errorCount" : 0,
    "errorPct" : 0.0,
    "meanResTime" : 323.94166666666666,
    "medianResTime" : 315.0,
    "minResTime" : 281.0,
    "maxResTime" : 506.0,
    "pct1ResTime" : 348.8,
    "pct2ResTime" : 390.1499999999998,
    "pct3ResTime" : 501.3799999999998,
    "throughput" : 0.5637693619540246,
    "receivedKBytesPerSec" : 1.4177459766834388,
    "sentKBytesPerSec" : 0.6045334470855472
  },
  "Open Random Product Page  /htc-one-mini-blue" : {
    "transaction" : "Open Random Product Page  /htc-one-mini-blue",
    "sampleCount" : 35,
    "errorCount" : 0,
    "errorPct" : 0.0,
    "meanResTime" : 470.3714285714286,
    "medianResTime" : 459.0,
    "minResTime" : 386.0,
    "maxResTime" : 705.0,
    "pct1ResTime" : 536.1999999999999,
    "pct2ResTime" : 656.1999999999997,
    "pct3ResTime" : 705.0,
    "throughput" : 0.16689475616676125,
    "receivedKBytesPerSec" : 1.9954493984040094,
    "sentKBytesPerSec" : 0.1282817171563041
  },
  "Open Random Product Page  /apple-macbook-pro-13-inch" : {
    "transaction" : "Open Random Product Page  /apple-macbook-pro-13-inch",
    "sampleCount" : 25,
    "errorCount" : 0,
    "errorPct" : 0.0,
    "meanResTime" : 396.6,
    "medianResTime" : 374.0,
    "minResTime" : 339.0,
    "maxResTime" : 707.0,
    "pct1ResTime" : 501.00000000000034,
    "pct2ResTime" : 673.0999999999999,
    "pct3ResTime" : 707.0,
    "throughput" : 0.12005724329360239,
    "receivedKBytesPerSec" : 1.1072138570670496,
    "sentKBytesPerSec" : 0.09326009141158503
  },
  "ADD TO CART /pride-and-prejudice" : {
    "transaction" : "ADD TO CART /pride-and-prejudice",
    "sampleCount" : 27,
    "errorCount" : 0,
    "errorPct" : 0.0,
    "meanResTime" : 322.18518518518516,
    "medianResTime" : 312.0,
    "minResTime" : 293.0,
    "maxResTime" : 465.0,
    "pct1ResTime" : 352.6,
    "pct2ResTime" : 420.9999999999998,
    "pct3ResTime" : 465.0,
    "throughput" : 0.12619122176471412,
    "receivedKBytesPerSec" : 0.3141498698945135,
    "sentKBytesPerSec" : 0.13531963769098107
  },
  "ADD TO CART /htc-one-m8-android-l-50-lollipop" : {
    "transaction" : "ADD TO CART /htc-one-m8-android-l-50-lollipop",
    "sampleCount" : 39,
    "errorCount" : 0,
    "errorPct" : 0.0,
    "meanResTime" : 333.025641025641,
    "medianResTime" : 317.0,
    "minResTime" : 297.0,
    "maxResTime" : 598.0,
    "pct1ResTime" : 350.0,
    "pct2ResTime" : 576.0,
    "pct3ResTime" : 598.0,
    "throughput" : 0.1941013109303923,
    "receivedKBytesPerSec" : 0.4912022958701214,
    "sentKBytesPerSec" : 0.20819620780784967
  },
  "Open Random Product Page  /ray-ban-aviator-sunglasses" : {
    "transaction" : "Open Random Product Page  /ray-ban-aviator-sunglasses",
    "sampleCount" : 41,
    "errorCount" : 0,
    "errorPct" : 0.0,
    "meanResTime" : 456.75609756097566,
    "medianResTime" : 449.0,
    "minResTime" : 384.0,
    "maxResTime" : 797.0,
    "pct1ResTime" : 479.0,
    "pct2ResTime" : 552.5999999999999,
    "pct3ResTime" : 797.0,
    "throughput" : 0.20015035685344112,
    "receivedKBytesPerSec" : 2.315230099684641,
    "sentKBytesPerSec" : 0.1555903962610937
  },
  "ADD TO CART /hp-envy-6-1180ca-156-inch-sleekbook" : {
    "transaction" : "ADD TO CART /hp-envy-6-1180ca-156-inch-sleekbook",
    "sampleCount" : 16,
    "errorCount" : 0,
    "errorPct" : 0.0,
    "meanResTime" : 334.8125,
    "medianResTime" : 319.0,
    "minResTime" : 293.0,
    "maxResTime" : 572.0,
    "pct1ResTime" : 418.70000000000016,
    "pct2ResTime" : 572.0,
    "pct3ResTime" : 572.0,
    "throughput" : 0.09193447370386758,
    "receivedKBytesPerSec" : 0.233382484758988,
    "sentKBytesPerSec" : 0.09833689280153071
  },
  "ADD TO CART /ray-ban-aviator-sunglasses" : {
    "transaction" : "ADD TO CART /ray-ban-aviator-sunglasses",
    "sampleCount" : 41,
    "errorCount" : 0,
    "errorPct" : 0.0,
    "meanResTime" : 320.6585365853659,
    "medianResTime" : 315.0,
    "minResTime" : 288.0,
    "maxResTime" : 439.0,
    "pct1ResTime" : 339.20000000000005,
    "pct2ResTime" : 404.99999999999994,
    "pct3ResTime" : 439.0,
    "throughput" : 0.20029115494719155,
    "receivedKBytesPerSec" : 0.5050691828853651,
    "sentKBytesPerSec" : 0.21483688025764283
  },
  "ADD TO CART /portable-sound-speakers" : {
    "transaction" : "ADD TO CART /portable-sound-speakers",
    "sampleCount" : 27,
    "errorCount" : 0,
    "errorPct" : 0.0,
    "meanResTime" : 324.3703703703704,